7.821070961654186249e-03,4.842675756663084030e-03,3.123572468757629395e-01,-1.556815952062606812e-01,-5.800760537385940552e-02,-8.417183160781860352e-01,5.137203931808471680e-01,3.385784029960632324e-01,2.831596694886684418e-02,-2.077672888813537390e-17,3.201040029525756836e-01,3.900412470102310181e-02,1.134404540061950684e-02,7.645131647586822510e-02,2.399999946355819702e-01,-2.322950363159179688e-01,-3.145172894001007080e-01,2.904771268367767334e-01,-5.466507673263549805e-01,-1.239534374326467514e-02,5.487236380577087402e-02,-5.493155494332313538e-02,-6.847541313618421555e-03,1.747558414936065674e-01,4.153444245457649231e-02,-1.987918168306350708e-01,2.179077863693237305e-01,-2.999996393918991089e-02
9.861811064183712006e-03,7.124601397663354874e-03,3.095620274543762207e-01,-1.647215485572814941e-01,-4.709362238645553589e-02,-8.465412259101867676e-01,5.040009021759033203e-01,3.730357289314270020e-01,5.070360749959945679e-02,-1.696959249506688993e-20,2.873335480690002441e-01,2.951729670166969299e-02,2.030107751488685608e-02,1.035029664635658264e-01,2.399999946355819702e-01,-1.997738182544708252e-01,-3.702872097492218018e-01,3.948791921138763428e-01,-5.619298815727233887e-01,8.574702590703964233e-02,7.212438434362411499e-02,-4.903708398342132568e-02,5.306410416960716248e-02,2.097794860601425171e-01,6.202951818704605103e-02,-2.551313042640686035e-01,3.522153496742248535e-01,-2.999999932944774628e-02
1.094722654670476913e-02,8.549991063773632050e-03,3.089861869812011719e-01,-1.661026179790496826e-01,-4.669554904103279114e-02,-8.467087745666503906e-01,5.033028125762939453e-01,3.716956079006195068e-01,4.330416396260261536e-02,1.148265036181051907e-18,2.822067141532897949e-01,2.800812013447284698e-02,1.893507130444049835e-02,1.121674254536628723e-01,2.399999946355819702e-01,-1.996005475521087646e-01,-4.090575873851776123e-01,4.054261147975921631e-01,-5.048475265502929688e-01,1.037681177258491516e-01,7.403761148452758789e-02,-5.649720504879951477e-02,7.100941985845565796e-02,2.222697734832763672e-01,7.125572115182876587e-02,-2.621109485626220703e-01,3.720766603946685791e-01,-2.999999932944774628e-02
1.218075491487979889e-02,9.836794808506965637e-03,3.084396421909332275e-01,-1.669385284185409546e-01,-4.663825780153274536e-02,-8.467405438423156738e-01,5.029780268669128418e-01,3.675145804882049561e-01,3.506865724921226501e-02,1.465659715904621407e-05,2.783677279949188232e-01,2.690696343779563904e-02,1.832014881074428558e-02,1.190160885453224182e-01,2.399999946355819702e-01,-1.985529512166976929e-01,-4.370428621768951416e-01,3.824480473995208740e-01,-4.485689103603363037e-01,9.053801745176315308e-02,7.248323410749435425e-02,-6.554174423217773438e-02,1.023309826850891113e-01,2.287628650665283203e-01,7.891758531332015991e-02,-2.593032717704772949e-01,4.096212685108184814e-01,-2.999999932944774628e-02
1.377091463655233383e-02,1.121096126735210419e-02,3.076447844505310059e-01,-1.679021269083023071e-01,-4.620081558823585510e-02,-8.464912176132202148e-01,5.031172633171081543e-01,3.630463480949401855e-01,2.746558189392089844e-02,3.868896747007966042e-04,2.743085622787475586e-01,2.407187782227993011e-02,1.889815181493759155e-02,1.269432604312896729e-01,2.399999946355819702e-01,-1.988865435123443604e-01,-4.614119827747344971e-01,3.379886150360107422e-01,-3.876823484897613525e-01,6.307654827833175659e-02,6.755333393812179565e-02,-7.600747048854827881e-02,1.601665019989013672e-01,2.331243604421615601e-01,8.672747015953063965e-02,-2.510443925857543945e-01,4.884527027606964111e-01,-2.999999932944774628e-02
1.559739559888839722e-02,1.184716913849115372e-02,3.086949288845062256e-01,-1.636960208415985107e-01,-4.272133111953735352e-02,-8.439167141914367676e-01,5.091002583503723145e-01,3.409691751003265381e-01,3.644970431923866272e-02,1.485072280047461390e-04,2.670762240886688232e-01,3.110743127763271332e-02,2.511135488748550415e-02,1.475098580121994019e-01,2.399999946355819702e-01,-2.307714819908142090e-01,-4.875317215919494629e-01,2.591811418533325195e-01,-3.034065663814544678e-01,2.471148781478404999e-02,8.538459241390228271e-02,-9.198825806379318237e-02,2.634041309356689453e-01,2.472094446420669556e-01,9.159083664417266846e-02,-2.082436531782150269e-01,6.474677324295043945e-01,-2.999999932944774628e-02
1.823527552187442780e-02,1.357787195593118668e-02,3.069207370281219482e-01,-1.641662865877151489e-01,-4.219252988696098328e-02,-8.419343829154968262e-01,5.122652649879455566e-01,3.321589231491088867e-01,3.601748868823051453e-02,3.914723347406834364e-04,2.669190466403961182e-01,2.144289016723632812e-02,3.759891912341117859e-02,1.516826301813125610e-01,2.399999946355819702e-01,-2.439068853855133057e-01,-4.988653361797332764e-01,1.838680803775787354e-01,-2.285050600767135620e-01,-1.257062051445245743e-02,9.028659015893936157e-02,-9.247162938117980957e-02,3.617150783538818359e-01,2.458570748567581177e-01,9.527722746133804321e-02,-1.876101642847061157e-01,7.920327782630920410e-01,-2.999999932944774628e-02
2.101061120629310608e-02,1.590847410261631012e-02,3.043179810047149658e-01,-1.656707078218460083e-01,-4.406457021832466125e-02,-8.388971686363220215e-01,5.165879130363464355e-01,3.217410445213317871e-01,3.581944853067398071e-02,5.355493049137294292e-04,2.739935815334320068e-01,-1.267434190958738327e-02,8.771693706512451172e-02,1.499747484922409058e-01,2.399999946355819702e-01,-2.475450485944747925e-01,-4.993989467620849609e-01,1.439365595579147339e-01,-1.821569204330444336e-01,-4.141693562269210815e-02,8.096706867218017578e-02,-9.530287235975265503e-02,4.671633839607238770e-01,2.481434643268585205e-01,1.042622774839401245e-01,-1.802285611629486084e-01,9.144046902656555176e-01,-2.999999932944774628e-02
2.366012893617153168e-02,1.917920820415019989e-02,3.013840913772583008e-01,-1.655199676752090454e-01,-4.686120897531509399e-02,-8.347606062889099121e-01,5.230505466461181641e-01,3.051357865333557129e-01,3.148266673088073730e-02,6.591253913938999176e-04,2.802128791809082031e-01,-6.557075679302215576e-02,1.593143790960311890e-01,1.438946723937988281e-01,2.399999946355819702e-01,-2.456034272909164429e-01,-4.977583885192871094e-01,1.286483108997344971e-01,-1.565052866935729980e-01,-6.545852869749069214e-02,6.448792666196823120e-02,-1.008430048823356628e-01,5.787462592124938965e-01,2.571471333503723145e-01,1.170797273516654968e-01,-1.805347800254821777e-01,1.003509163856506348e+00,-2.999999932944774628e-02
2.602596022188663483e-02,2.436633780598640442e-02,2.978341877460479736e-01,-1.651425361633300781e-01,-4.937425628304481506e-02,-8.285757303237915039e-01,5.326841473579406738e-01,2.887173593044281006e-01,2.262785844504833221e-02,7.457818719558417797e-04,2.785617709159851074e-01,-1.316561102867126465e-01,2.477345466613769531e-01,1.347732692956924438e-01,2.399999946355819702e-01,-2.372698187828063965e-01,-4.907281696796417236e-01,1.155986860394477844e-01,-1.381458342075347900e-01,-8.443504571914672852e-02,4.558096826076507568e-02,-1.064819544553756714e-01,6.667830348014831543e-01,2.706710398197174072e-01,1.318977773189544678e-01,-1.858539283275604248e-01,9.790414571762084961e-01,-2.999999932944774628e-02
2.750078774988651276e-02,3.100614808499813080e-02,2.935968339443206787e-01,-1.647140681743621826e-01,-5.210462585091590881e-02,-8.205294609069824219e-01,5.448722839355468750e-01,2.743861973285675049e-01,9.036460891366004944e-03,2.956998767331242561e-03,2.701539397239685059e-01,-2.065270692110061646e-01,3.531039059162139893e-01,1.245836392045021057e-01,2.399999946355819702e-01,-2.301018089056015015e-01,-4.819945096969604492e-01,9.779332578182220459e-02,-1.271197795867919922e-01,-1.022069752216339111e-01,3.157798200845718384e-02,-1.073182150721549988e-01,7.052790522575378418e-01,2.881675660610198975e-01,1.482400000095367432e-01,-1.947689503431320190e-01,8.553270101547241211e-01,-2.999999932944774628e-02
2.759820222854614258e-02,3.854644298553466797e-02,2.884193956851959229e-01,-1.613088101148605347e-01,-5.799484252929687500e-02,-8.123657107353210449e-01,5.573850274085998535e-01,2.571301460266113281e-01,-9.842262603342533112e-03,6.414189934730529785e-03,2.632697522640228271e-01,-2.863518297672271729e-01,4.695008099079132080e-01,1.036665216088294983e-01,2.399999946355819702e-01,-2.186626940965652466e-01,-4.819448590278625488e-01,7.990556210279464722e-02,-1.263089030981063843e-01,-1.200884133577346802e-01,4.526891186833381653e-02,-8.837496489286422729e-02,6.664087772369384766e-01,3.023731708526611328e-01,1.617936789989471436e-01,-1.988052874803543091e-01,7.126334905624389648e-01,-2.999999932944774628e-02
2.569942921400070190e-02,4.579489678144454956e-02,2.822206318378448486e-01,-1.525646746158599854e-01,-7.060666382312774658e-02,-8.067754507064819336e-01,5.664380788803100586e-01,2.320366650819778442e-01,-3.009108267724514008e-02,1.152466051280498505e-02,2.503184974193572998e-01,-3.512118756771087646e-01,5.341759920120239258e-01,6.744503974914550781e-02,2.399999946355819702e-01,-1.919796615839004517e-01,-4.889785945415496826e-01,7.683006674051284790e-02,-1.317019611597061157e-01,-1.323873102664947510e-01,8.345504105091094971e-02,-4.766236245632171631e-02,5.627867579460144043e-01,3.115792870521545410e-01,1.744645684957504272e-01,-2.000379413366317749e-01,6.122308373451232910e-01,-2.999999932944774628e-02
2.202647551894187927e-02,5.263546109199523926e-02,2.748324573040008545e-01,-1.391856670379638672e-01,-8.753357827663421631e-02,-8.040246963500976562e-01,5.714101195335388184e-01,2.030846625566482544e-01,-4.935744032263755798e-02,1.737404987215995789e-02,2.107654809951782227e-01,-3.891398310661315918e-01,4.518754482269287109e-01,2.237215079367160797e-02,2.399999946355819702e-01,-1.518826186656951904e-01,-5.075032711029052734e-01,8.476241677999496460e-02,-1.366700679063796997e-01,-1.405158489942550659e-01,1.361391991376876831e-01,3.302047261968255043e-03,4.109816551208496094e-01,3.210254311561584473e-01,1.883626729249954224e-01,-2.034293115139007568e-01,4.693547189235687256e-01,-2.999999932944774628e-02
1.804467104375362396e-02,5.739428475499153137e-02,2.679032385349273682e-01,-1.243011951446533203e-01,-1.005770862102508545e-01,-7.994764447212219238e-01,5.790257453918457031e-01,1.722618937492370605e-01,-6.586331874132156372e-02,2.077712863683700562e-02,1.680430471897125244e-01,-4.166496694087982178e-01,2.973824143409729004e-01,-3.212809190154075623e-02,2.399999946355819702e-01,-1.221985220909118652e-01,-5.291199684143066406e-01,7.747390121221542358e-02,-1.607570350170135498e-01,-1.713108122348785400e-01,1.857191473245620728e-01,2.563735656440258026e-02,3.040711581707000732e-01,3.464710414409637451e-01,1.921375244855880737e-01,-2.263869643211364746e-01,3.245102465152740479e-01,-2.999999932944774628e-02
1.577574945986270905e-02,6.203643605113029480e-02,2.614294290542602539e-01,-1.279941946268081665e-01,-9.932237863540649414e-02,-7.901349067687988281e-01,5.911339521408081055e-01,1.771964877843856812e-01,-6.336523592472076416e-02,2.822231687605381012e-02,1.597689539194107056e-01,-3.922856748104095459e-01,2.358187288045883179e-01,-5.761455744504928589e-02,2.399999946355819702e-01,-9.732465445995330811e-02,-5.773020982742309570e-01,7.059156149625778198e-02,-1.904879808425903320e-01,-1.760769188404083252e-01,2.393983006477355957e-01,1.869460754096508026e-02,2.159844040870666504e-01,3.666031360626220703e-01,1.958154886960983276e-01,-2.644695043563842773e-01,2.425228506326675415e-01,-2.999999932944774628e-02
1.314216759055852890e-02,6.049615889787673950e-02,2.560307979583740234e-01,-1.567876935005187988e-01,-1.078772917389869690e-01,-7.800527215003967285e-01,5.960686802864074707e-01,2.196207046508789062e-01,-4.388169944286346436e-02,1.187498196959495544e-01,1.694800108671188354e-01,-2.822231948375701904e-01,2.567094862461090088e-01,-5.785724148154258728e-02,2.399999946355819702e-01,-9.833367913961410522e-02,-5.799999833106994629e-01,4.029596224427223206e-02,-2.111777663230895996e-01,-1.564887613058090210e-01,3.126397132873535156e-01,3.171808645129203796e-02,5.553777515888214111e-02,3.750090599060058594e-01,1.921577900648117065e-01,-3.971070647239685059e-01,3.446253538131713867e-01,-2.228820137679576874e-02
1.015875861048698425e-02,5.539718642830848694e-02,2.530448734760284424e-01,-1.909683495759963989e-01,-1.321280151605606079e-01,-7.746469974517822266e-01,5.882136225700378418e-01,2.739089727401733398e-01,-5.432257428765296936e-03,2.342917472124099731e-01,1.918686181306838989e-01,-2.037491500377655029e-01,3.208133578300476074e-01,-5.718908458948135376e-02,2.300117909908294678e-01,-6.863801926374435425e-02,-5.799999833106994629e-01,1.546699833124876022e-02,-1.756963580846786499e-01,-9.381423890590667725e-02,3.141984343528747559e-01,4.752899706363677979e-02,-7.014123350381851196e-02,3.678410351276397705e-01,1.970881223678588867e-01,-4.543483555316925049e-01,4.926996529102325439e-01,1.363704651594161987e-01
7.682244293391704559e-03,4.731281474232673645e-02,2.591027021408081055e-01,-2.361010909080505371e-01,-1.568040102720260620e-01,-7.686553001403808594e-01,5.734438300132751465e-01,3.506453037261962891e-01,8.364032208919525146e-02,3.346021473407745361e-01,2.193911671638488770e-01,-1.059377342462539673e-01,3.877258598804473877e-01,-3.489293530583381653e-02,2.248793244361877441e-01,-6.412629783153533936e-02,-5.782697796821594238e-01,9.732808102853596210e-04,-1.634759306907653809e-01,1.726578176021575928e-02,2.043894082307815552e-01,6.311266124248504639e-02,-1.232547760009765625e-01,2.741436660289764404e-01,1.551193445920944214e-01,-3.890957832336425781e-01,5.694883465766906738e-01,2.371990978717803955e-01
5.308668129146099091e-03,3.536931797862052917e-02,2.722372114658355713e-01,-2.739448845386505127e-01,-1.905041337013244629e-01,-7.565589547157287598e-01,5.623885393142700195e-01,3.922314941883087158e-01,2.222746312618255615e-01,3.802876770496368408e-01,2.858248353004455566e-01,6.683281064033508301e-02,3.778780996799468994e-01,-3.592174500226974487e-02,2.242626100778579712e-01,-7.878963649272918701e-02,-5.215863585472106934e-01,-1.683946140110492706e-02,-1.247935220599174500e-01,7.646451145410537720e-02,4.461813252419233322e-03,4.651785269379615784e-02,-7.434665411710739136e-02,1.399733871221542358e-01,1.029511243104934692e-01,-2.811240851879119873e-01,5.824260711669921875e-01,2.118008285760879517e-01
-8.966872119344770908e-04,1.724624633789062500e-02,2.910099029541015625e-01,-3.119063377380371094e-01,-2.206032276153564453e-01,-7.404994964599609375e-01,5.529096722602844238e-01,4.621605873107910156e-01,3.815959692001342773e-01,3.862544894218444824e-01,3.581088781356811523e-01,2.525632381439208984e-01,3.692537248134613037e-01,-3.027658350765705109e-02,2.219085395336151123e-01,-6.914345175027847290e-02,-4.300720989704132080e-01,-1.035082992166280746e-02,-1.080563813447952271e-01,8.842177689075469971e-02,-1.712039709091186523e-01,1.284280791878700256e-02,-4.531880840659141541e-02,2.949081128463149071e-03,7.905015349388122559e-02,-1.902403831481933594e-01,6.264697909355163574e-01,1.142101809382438660e-01
-9.292231872677803040e-03,-4.602826200425624847e-03,3.125391006469726562e-01,-3.257963955402374268e-01,-2.335455417633056641e-01,-7.266466021537780762e-01,5.579407811164855957e-01,5.237599611282348633e-01,4.788561761379241943e-01,3.252482116222381592e-01,3.998665511608123779e-01,3.623338341712951660e-01,3.431777954101562500e-01,-3.631060570478439331e-02,1.542311310768127441e-01,-8.585612475872039795e-02,-3.261388540267944336e-01,-1.446098182350397110e-02,-1.117216348648071289e-01,1.000913679599761963e-01,-2.500733435153961182e-01,-2.820190787315368652e-02,-1.093629151582717896e-01,-8.796150237321853638e-02,8.887723833322525024e-02,-1.493654400110244751e-01,7.447405457496643066e-01,7.137843966484069824e-02
-1.636092737317085266e-02,-2.817565388977527618e-02,3.337637782096862793e-01,-3.157932758331298828e-01,-2.280523329973220825e-01,-7.189333438873291016e-01,5.756748914718627930e-01,5.576528906822204590e-01,5.436144471168518066e-01,1.639973074197769165e-01,3.906896710395812988e-01,4.128923118114471436e-01,2.514622807502746582e-01,-6.288776546716690063e-02,3.849408403038978577e-02,-1.427115648984909058e-01,-2.279889434576034546e-01,-6.956547498703002930e-02,-9.456511586904525757e-02,1.317673027515411377e-01,-2.844728827476501465e-01,-9.231759607791900635e-02,-6.697380542755126953e-02,-1.252036392688751221e-01,1.189857497811317444e-01,-9.384814649820327759e-02,1.116168737411499023e+00,1.571682989597320557e-01
-2.095620520412921906e-02,-5.142771080136299133e-02,3.541265428066253662e-01,-3.145951926708221436e-01,-2.347523570060729980e-01,-7.067146897315979004e-01,5.886217355728149414e-01,5.890023708343505859e-01,6.720187664031982422e-01,1.673105731606483459e-02,4.044407606124877930e-01,5.562450289726257324e-01,1.256015747785568237e-01,-9.748162329196929932e-02,3.022912191227078438e-03,-1.907804012298583984e-01,-1.663104593753814697e-01,-1.137307286262512207e-01,-1.071011945605278015e-01,1.678101122379302979e-01,-3.020224273204803467e-01,-1.467371582984924316e-01,8.414711803197860718e-02,-1.157864555716514587e-01,1.527729928493499756e-01,1.415919791907072067e-02,1.485816240310668945e+00,2.726055085659027100e-01
-2.256435342133045197e-02,-7.186999917030334473e-02,3.754244446754455566e-01,-3.215340673923492432e-01,-2.377974241971969604e-01,-6.918711066246032715e-01,6.011511087417602539e-01,6.196938753128051758e-01,7.183136343955993652e-01,7.870912668295204639e-05,4.218725264072418213e-01,7.035501003265380859e-01,8.536048233509063721e-03,-1.217622831463813782e-01,1.630224846303462982e-02,-2.741644084453582764e-01,-1.267216950654983521e-01,-1.476501226425170898e-01,-1.394376754760742188e-01,1.964563727378845215e-01,-3.042332828044891357e-01,-1.799536645412445068e-01,1.822714805603027344e-01,-9.338397532701492310e-02,1.435294449329376221e-01,1.623590439558029175e-01,1.490000009536743164e+00,2.602820694446563721e-01
-1.902610249817371368e-02,-8.215714246034622192e-02,3.870309591293334961e-01,-3.212890028953552246e-01,-2.431955486536026001e-01,-6.874797344207763672e-01,6.041530966758728027e-01,5.651413798332214355e-01,6.877864003181457520e-01,9.694991876123687242e-18,5.248057246208190918e-01,7.065232992172241211e-01,2.378178936501232788e-16,-1.467708647251129150e-01,1.706868596374988556e-02,-3.209233880043029785e-01,-6.766881793737411499e-02,-1.136260777711868286e-01,-1.983213722705841064e-01,2.816292345523834229e-01,-2.838004529476165771e-01,-1.800000071525573730e-01,3.950118422508239746e-01,-9.749743342399597168e-02,1.199513450264930725e-01,2.789820432662963867e-01,1.490000009536743164e+00,-2.993316762149333954e-02
-1.304723136126995087e-02,-8.958039432764053345e-02,3.908372223377227783e-01,-3.167435526847839355e-01,-2.538956105709075928e-01,-6.862741708755493164e-01,6.035216450691223145e-01,4.835270941257476807e-01,6.375449895858764648e-01,2.833023294806480408e-02,6.711695790290832520e-01,6.405957937240600586e-01,-3.819082548399671862e-18,-1.573140770196914673e-01,3.539347276091575623e-02,-3.715088069438934326e-01,-3.529525175690650940e-02,-6.499093770980834961e-02,-2.383762747049331665e-01,4.283598959445953369e-01,-2.288935184478759766e-01,-1.800000071525573730e-01,6.699447631835937500e-01,-6.497342884540557861e-02,1.007518768310546875e-01,4.195127785205841064e-01,1.489995241165161133e+00,-2.999999374151229858e-02
-8.699267171323299408e-03,-9.752335399389266968e-02,3.875635862350463867e-01,-3.331266641616821289e-01,-2.508915662765502930e-01,-6.910182237625122070e-01,5.904014110565185547e-01,5.345806479454040527e-01,5.448111891746520996e-01,9.968324005603790283e-02,6.894921064376831055e-01,5.394291877746582031e-01,1.361889185661393484e-17,-1.015655398368835449e-01,5.551665648818016052e-02,-4.338758289813995361e-01,4.668182507157325745e-02,-3.853519633412361145e-02,-2.635252475738525391e-01,5.000000000000000000e-01,-2.158466130495071411e-01,-1.800000071525573730e-01,8.096413612365722656e-01,-5.198427662253379822e-02,7.517908513545989990e-02,5.190960764884948730e-01,1.196569561958312988e+00,-2.999440580606460571e-02
-4.352506250143051147e-03,-1.086247712373733521e-01,3.774116635322570801e-01,-3.580403029918670654e-01,-2.479604184627532959e-01,-6.967452168464660645e-01,5.699726939201354980e-01,5.800179243087768555e-01,4.816313683986663818e-01,1.976195164024829865e-02,6.662925481796264648e-01,4.422533512115478516e-01,-7.829213212616428655e-18,-2.820496633648872375e-02,9.331402927637100220e-02,-4.941398799419403076e-01,1.677498221397399902e-01,-3.289272263646125793e-02,-2.865116298198699951e-01,5.000000000000000000e-01,-2.040761113166809082e-01,-1.800000071525573730e-01,8.269073367118835449e-01,-6.502351164817810059e-02,4.992837458848953247e-02,6.282851099967956543e-01,8.266011476516723633e-01,-2.998628467321395874e-02
-9.934704576153308153e-05,-1.236842721700668335e-01,3.610483407974243164e-01,-3.851204216480255127e-01,-2.493418306112289429e-01,-7.006717324256896973e-01,5.464156270027160645e-01,5.856087207794189453e-01,4.072329699993133545e-01,6.621423548347493693e-11,6.243155002593994141e-01,3.749055266380310059e-01,-6.391269319124153318e-18,2.214103005826473236e-02,1.586567312479019165e-01,-5.399104356765747070e-01,2.869766652584075928e-01,-6.344784051179885864e-02,-3.091285824775695801e-01,5.000000000000000000e-01,-1.863593459129333496e-01,-1.699615120887756348e-01,8.339687585830688477e-01,-1.259556710720062256e-01,4.603502340614795685e-03,7.556089758872985840e-01,6.694527864456176758e-01,-2.999049797654151917e-02
-5.745977978222072124e-04,-1.414115726947784424e-01,3.379242718219757080e-01,-4.220893681049346924e-01,-2.529227137565612793e-01,-6.952780485153198242e-01,5.238884091377258301e-01,6.517240405082702637e-01,4.151224792003631592e-01,-9.411793358526357369e-19,5.591219663619995117e-01,3.875035047531127930e-01,-5.556386000707031850e-18,1.885226555168628693e-02,2.399999946355819702e-01,-5.668663978576660156e-01,4.154857099056243896e-01,-1.333960741758346558e-01,-3.128761351108551025e-01,5.000000000000000000e-01,-1.948831230401992798e-01,-1.056308224797248840e-01,8.064884543418884277e-01,-3.533057272434234619e-01,-1.259970515966415405e-01,9.722333550453186035e-01,5.416178107261657715e-01,-2.998930215835571289e-02
-1.958466164069250226e-04,-1.529607623815536499e-01,3.102832436561584473e-01,-4.285717308521270752e-01,-2.431273311376571655e-01,-7.017230391502380371e-01,5.145874023437500000e-01,7.042671442031860352e-01,4.614798724651336670e-01,4.175316564592065037e-18,5.378546118736267090e-01,4.256206154823303223e-01,-4.371704544853486038e-18,1.339008193463087082e-02,2.399999946355819702e-01,-5.611177086830139160e-01,4.499999880790710449e-01,-1.702999323606491089e-01,-3.010680079460144043e-01,5.000000000000000000e-01,-2.070879936218261719e-01,-4.884778335690498352e-02,7.620099782943725586e-01,-5.612477660179138184e-01,-1.800000071525573730e-01,1.118066906929016113e+00,4.442151188850402832e-01,-2.998570539057254791e-02
5.533746443688869476e-04,-1.570266932249069214e-01,2.835244536399841309e-01,-4.216667115688323975e-01,-2.231824249029159546e-01,-7.111620306968688965e-01,5.163674950599670410e-01,7.255293130874633789e-01,4.977430701255798340e-01,1.087643243833725029e-19,5.294680595397949219e-01,4.365137517452239990e-01,1.705923862755298615e-02,1.962559111416339874e-02,2.399999946355819702e-01,-5.564281344413757324e-01,4.499999880790710449e-01,-1.721105873584747314e-01,-2.580618262290954590e-01,5.000000000000000000e-01,-1.712176054716110229e-01,1.832139305770397186e-02,6.717369556427001953e-01,-5.517701506614685059e-01,-1.680734604597091675e-01,9.816332459449768066e-01,4.450555741786956787e-01,-2.999172918498516083e-02
2.690644003450870514e-03,-1.546812951564788818e-01,2.626000046730041504e-01,-4.124097824096679688e-01,-1.911552995443344116e-01,-7.232380509376525879e-01,5.199081897735595703e-01,7.164206504821777344e-01,4.494847655296325684e-01,1.487943623214960098e-02,4.545142352581024170e-01,3.488787114620208740e-01,7.082300633192062378e-02,1.365567296743392944e-01,2.399999946355819702e-01,-5.994000434875488281e-01,4.499999880790710449e-01,-1.058800742030143738e-01,-1.849915385246276855e-01,5.000000000000000000e-01,-9.267568588256835938e-02,2.046874910593032837e-02,5.686256885528564453e-01,-2.775392234325408936e-01,-2.117306552827358246e-02,6.009005904197692871e-01,4.500341117382049561e-01,-2.999999932944774628e-02
4.678646102547645569e-03,-1.528451442718505859e-01,2.511736452579498291e-01,-3.868949115276336670e-01,-1.605573296546936035e-01,-7.420207262039184570e-01,5.233917832374572754e-01,6.719964742660522461e-01,3.566036224365234375e-01,2.956293709576129913e-02,3.990189731121063232e-01,2.286230623722076416e-01,7.453523576259613037e-02,2.729454040527343750e-01,2.399999946355819702e-01,-6.008678078651428223e-01,4.059084355831146240e-01,-4.060336947441101074e-02,-1.501176804304122925e-01,5.000000000000000000e-01,-1.142801251262426376e-02,-2.338073402643203735e-02,4.900612533092498779e-01,7.113567739725112915e-02,1.271866559982299805e-01,1.241888105869293213e-01,4.245801568031311035e-01,-2.999999932944774628e-02
4.128555301576852798e-03,-1.553063392639160156e-01,2.504313588142395020e-01,-3.268484175205230713e-01,-1.287230253219604492e-01,-7.689288854598999023e-01,5.341805219650268555e-01,5.791072845458984375e-01,2.360405027866363525e-01,1.940947957336902618e-02,3.806006908416748047e-01,6.520445644855499268e-02,5.012588202953338623e-02,3.315357565879821777e-01,2.399999946355819702e-01,-5.710520744323730469e-01,2.049932032823562622e-01,-1.628722250461578369e-02,-1.380092054605484009e-01,5.000000000000000000e-01,6.527592986822128296e-02,-2.863028086721897125e-02,4.650455117225646973e-01,2.733729481697082520e-01,1.804104000329971313e-01,-2.217632979154586792e-01,4.054819047451019287e-01,3.367906808853149414e-02
5.734902340918779373e-03,-1.580779999494552612e-01,2.516852021217346191e-01,-2.627173066139221191e-01,-1.035469546914100647e-01,-7.844060063362121582e-01,5.522362589836120605e-01,4.845073521137237549e-01,1.220635771751403809e-01,5.453671328723430634e-04,3.970858454704284668e-01,-4.675700142979621887e-02,1.101001724600791931e-02,3.358785212039947510e-01,2.399999946355819702e-01,-5.554137229919433594e-01,8.763925731182098389e-02,1.136880964040756226e-01,-7.865409553050994873e-02,4.999996423721313477e-01,8.864315599203109741e-02,-3.268232196569442749e-02,4.979404509067535400e-01,2.951145768165588379e-01,1.776428967714309692e-01,-1.714406609535217285e-01,3.906610608100891113e-01,-2.999998815357685089e-02
5.707833915948867798e-03,-1.568008810281753540e-01,2.530436217784881592e-01,-1.977248936891555786e-01,-7.223375886678695679e-02,-7.950710654258728027e-01,5.688138008117675781e-01,4.141410589218139648e-01,-2.618933655321598053e-02,1.854310976341366768e-04,3.865831792354583740e-01,-1.764513552188873291e-01,2.137412666343152523e-04,3.055966496467590332e-01,2.399999946355819702e-01,-5.117626190185546875e-01,5.092211440205574036e-02,2.511541843414306641e-01,1.732763834297657013e-02,4.712021648883819580e-01,9.939244389533996582e-02,-3.675735206343233585e-04,5.481486320495605469e-01,1.679039150476455688e-01,8.644436299800872803e-02,3.362221121788024902e-01,3.387575745582580566e-01,-2.999999932944774628e-02
-2.495605964213609695e-03,-1.625597029924392700e-01,2.587350904941558838e-01,-1.524414420127868652e-01,-4.785316810011863708e-02,-8.030320405960083008e-01,5.741177797317504883e-01,3.910619616508483887e-01,-1.101465374231338501e-01,3.114265572853880393e-13,3.636114895343780518e-01,-2.499320656061172485e-01,2.734570443863049150e-05,2.669002711772918701e-01,2.399999946355819702e-01,-4.489210546016693115e-01,9.713359922170639038e-02,2.948738336563110352e-01,1.507861316204071045e-01,4.390446245670318604e-01,5.711779743432998657e-02,4.434739798307418823e-02,6.296771168708801270e-01,-4.691099748015403748e-02,-6.186326500028371811e-03,7.268788218498229980e-01,3.075799047946929932e-01,-2.999999932944774628e-02
-1.418279763311147690e-02,-1.765526533126831055e-01,2.642166018486022949e-01,-1.446090042591094971e-01,-5.628706887364387512e-02,-7.974913716316223145e-01,5.830330252647399902e-01,3.958071768283843994e-01,-6.115375459194183350e-02,1.080731405353293185e-17,4.000795185565948486e-01,-1.730858832597732544e-01,3.966174944025624427e-09,2.417245805263519287e-01,2.399999946355819702e-01,-4.442500174045562744e-01,2.875710725784301758e-01,2.372021228075027466e-01,3.103073835372924805e-01,4.921788573265075684e-01,-9.504924714565277100e-02,5.341666191816329956e-02,9.129752516746520996e-01,-3.508778512477874756e-01,-3.615484014153480530e-02,1.044675350189208984e+00,7.547549009323120117e-01,-2.999999932944774628e-02
-2.206101268529891968e-02,-1.869442909955978394e-01,2.681565880775451660e-01,-1.364039182662963867e-01,-5.471900850534439087e-02,-8.051939010620117188e-01,5.745106935501098633e-01,4.230182766914367676e-01,-3.551076725125312805e-02,-3.794315520088915384e-18,4.014564454555511475e-01,-1.587380319833755493e-01,1.194008873426355422e-04,2.113375365734100342e-01,2.399999946355819702e-01,-3.640339374542236328e-01,4.499999880790710449e-01,1.059531569480895996e-01,3.306966722011566162e-01,5.000000000000000000e-01,-2.050293236970901489e-01,1.011780947446823120e-01,1.216482043266296387e+00,-4.636121392250061035e-01,-5.631114169955253601e-02,1.097282409667968750e+00,1.271537899971008301e+00,-2.999999932944774628e-02
-2.731183357536792755e-02,-1.957346051931381226e-01,2.727136313915252686e-01,-1.239697486162185669e-01,-5.242509767413139343e-02,-8.086118698120117188e-01,5.727390050888061523e-01,4.296509921550750732e-01,-2.788301929831504822e-02,1.527734129922464490e-04,4.131196141242980957e-01,-1.488302350044250488e-01,5.157179548405110836e-04,1.961588114500045776e-01,2.399999946355819702e-01,-2.804976701736450195e-01,4.499999880790710449e-01,2.198640443384647369e-02,2.686588168144226074e-01,5.000000000000000000e-01,-2.747459113597869873e-01,1.087927296757698059e-01,1.463285684585571289e+00,-5.163220167160034180e-01,-4.081906005740165710e-02,1.107327699661254883e+00,1.489574670791625977e+00,-2.999999932944774628e-02
-3.068869747221469879e-02,-2.031374275684356689e-01,2.771585583686828613e-01,-1.080223843455314636e-01,-5.247150734066963196e-02,-8.076616525650024414e-01,5.772872567176818848e-01,4.145390689373016357e-01,-2.787560783326625824e-02,3.434502286836504936e-04,4.413054287433624268e-01,-1.395483464002609253e-01,9.528957307338714600e-03,1.681098788976669312e-01,2.399999946355819702e-01,-1.799776852130889893e-01,4.499999880790710449e-01,1.010481547564268112e-02,1.912865489721298218e-01,5.000000000000000000e-01,-3.402532339096069336e-01,8.214754611253738403e-02,1.701691389083862305e+00,-5.532570481300354004e-01,-1.092048920691013336e-02,1.104972720146179199e+00,1.376599788665771484e+00,-2.999999932944774628e-02
-3.315727412700653076e-02,-2.108532935380935669e-01,2.814248800277709961e-01,-8.615978807210922241e-02,-4.664891213178634644e-02,-8.051010966300964355e-01,5.849894285202026367e-01,3.889102041721343994e-01,-4.924069344997406006e-02,3.216865006834268570e-04,4.662627875804901123e-01,-1.441483944654464722e-01,1.476677507162094116e-02,1.423652321100234985e-01,2.399999946355819702e-01,-9.963978826999664307e-02,4.499999880790710449e-01,3.258671239018440247e-02,1.662864685058593750e-01,5.000000000000000000e-01,-3.621104955673217773e-01,1.014667302370071411e-01,1.804506421089172363e+00,-5.682757496833801270e-01,1.151385996490716934e-02,1.100322484970092773e+00,8.778682947158813477e-01,-2.999999932944774628e-02
-3.649599477648735046e-02,-2.246045768260955811e-01,2.884028851985931396e-01,-7.241602987051010132e-02,-3.533732518553733826e-02,-7.996729612350463867e-01,5.950044989585876465e-01,3.797760605812072754e-01,-6.336515396833419800e-02,1.656821550568565726e-04,4.772368669509887695e-01,-1.317164003849029541e-01,1.556063815951347351e-02,8.317715674638748169e-02,2.399999946355819702e-01,-2.211120352149009705e-02,4.499999880790710449e-01,3.318687900900840759e-02,1.534346044063568115e-01,5.000000000000000000e-01,-2.584208846092224121e-01,1.339754462242126465e-01,1.586377382278442383e+00,-6.059470772743225098e-01,-1.713618077337741852e-02,1.099426507949829102e+00,4.908888041973114014e-01,-2.999999932944774628e-02
-3.870648518204689026e-02,-2.402800023555755615e-01,2.942200005054473877e-01,-7.155964523553848267e-02,-2.525976113975048065e-02,-7.926883697509765625e-01,6.048853397369384766e-01,3.943499326705932617e-01,-5.395319685339927673e-02,9.450969082536175847e-05,4.837130904197692871e-01,-9.875988215208053589e-02,1.439731381833553314e-02,4.281497560441493988e-03,2.399999946355819702e-01,-4.572282545268535614e-03,4.499999880790710449e-01,-3.624959290027618408e-02,1.565251201391220093e-01,5.000000000000000000e-01,-4.388888552784919739e-02,2.525162696838378906e-01,1.173505306243896484e+00,-6.750525236129760742e-01,-7.011979818344116211e-02,1.110743999481201172e+00,4.340232908725738525e-01,-2.999999932944774628e-02
-3.872805461287498474e-02,-2.544303834438323975e-01,2.977904081344604492e-01,-7.328960299491882324e-02,-1.481024175882339478e-02,-7.826383113861083984e-01,6.179696917533874512e-01,4.165013730525970459e-01,-4.083730652928352356e-02,3.098482803665092433e-09,4.948613345623016357e-01,-6.116443127393722534e-02,1.230486575514078140e-02,-4.490154981613159180e-02,2.399999946355819702e-01,-4.613318294286727905e-02,4.499999880790710449e-01,-1.391143202781677246e-01,1.984877437353134155e-01,5.000000000000000000e-01,1.282773017883300781e-01,3.243947029113769531e-01,8.525494337081909180e-01,-7.105780243873596191e-01,-7.896050810813903809e-02,1.088659763336181641e+00,4.297289550304412842e-01,-2.999999932944774628e-02
-3.851047903299331665e-02,-2.670434117317199707e-01,3.011414408683776855e-01,-7.679563015699386597e-02,-6.412564776837825775e-03,-7.680251598358154297e-01,6.357662081718444824e-01,4.385941326618194580e-01,-2.635058574378490448e-02,-2.126694589763635001e-18,5.090731978416442871e-01,-2.527487091720104218e-02,2.143328823149204254e-02,-6.572309136390686035e-02,2.399999946355819702e-01,-5.795193091034889221e-02,4.499999880790710449e-01,-1.970566064119338989e-01,2.353847175836563110e-01,5.000000000000000000e-01,1.339910477399826050e-01,3.123720884323120117e-01,7.812815308570861816e-01,-6.994894146919250488e-01,-5.230142921209335327e-02,1.000802516937255859e+00,2.926342785358428955e-01,-2.999999932944774628e-02
-3.822774440050125122e-02,-2.806543707847595215e-01,3.061199188232421875e-01,-8.255951851606369019e-02,3.656598273664712906e-04,-7.530168294906616211e-01,6.528012156486511230e-01,4.652040004730224609e-01,-1.800575060769915581e-03,-9.704727791933436378e-18,4.878304600715637207e-01,-1.890451647341251373e-02,2.903077192604541779e-02,-7.332151383161544800e-02,2.399999946355819702e-01,-4.467270523309707642e-02,4.499999880790710449e-01,-2.225115895271301270e-01,2.674195170402526855e-01,5.000000000000000000e-01,6.242226436734199524e-02,2.707683145999908447e-01,7.960525751113891602e-01,-6.654388308525085449e-01,-1.796443946659564972e-02,8.614723086357116699e-01,1.898692250251770020e-01,-2.999999932944774628e-02
-3.677465394139289856e-02,-2.947250306606292725e-01,3.116651773452758789e-01,-8.738567680120468140e-02,3.739370265975594521e-03,-7.407296299934387207e-01,6.660851240158081055e-01,4.911118745803833008e-01,3.190522268414497375e-02,1.925260600970487392e-18,4.164968132972717285e-01,-7.450542598962783813e-02,1.060945019125938416e-01,-5.402161926031112671e-02,2.399999946355819702e-01,-5.303007364273071289e-02,4.499999880790710449e-01,-2.077883929014205933e-01,3.551383316516876221e-01,5.000000000000000000e-01,-3.879055008292198181e-02,2.056911885738372803e-01,8.494543433189392090e-01,-5.921360254287719727e-01,4.856292158365249634e-02,6.613157391548156738e-01,1.662201881408691406e-01,-2.999999932944774628e-02
-3.776451572775840759e-02,-3.087601065635681152e-01,3.134917616844177246e-01,-8.521720021963119507e-02,-8.456640876829624176e-03,-7.359691262245178223e-01,6.715772151947021484e-01,5.063464641571044922e-01,8.700021356344223022e-02,-3.723939975849881196e-19,2.965689301490783691e-01,-1.909233480691909790e-01,2.012754678726196289e-01,-5.692599341273307800e-02,2.399999946355819702e-01,-3.484236449003219604e-02,4.499999880790710449e-01,-1.607554703950881958e-01,4.519960582256317139e-01,5.000000000000000000e-01,-1.396453976631164551e-01,1.124306023120880127e-01,9.027147889137268066e-01,-4.876937270164489746e-01,1.126396507024765015e-01,4.004929065704345703e-01,1.730180829763412476e-01,-2.999999932944774628e-02
-4.398135840892791748e-02,-3.280048668384552002e-01,3.114468157291412354e-01,-6.972983479499816895e-02,-2.583098039031028748e-02,-7.229854464530944824e-01,6.868497133255004883e-01,5.023584365844726562e-01,1.365523487329483032e-01,1.319075868119297308e-18,1.567735671997070312e-01,-2.996202707290649414e-01,1.515208929777145386e-01,-9.038683027029037476e-02,2.399999946355819702e-01,-3.917362168431282043e-02,4.499999880790710449e-01,-7.690629363059997559e-02,5.109190344810485840e-01,5.000000000000000000e-01,-2.325053513050079346e-01,2.902528084814548492e-02,9.407166242599487305e-01,-3.765774071216583252e-01,1.619848012924194336e-01,1.276289969682693481e-01,1.363872736692428589e-01,-2.999999932944774628e-02
-5.542175099253654480e-02,-3.549301028251647949e-01,3.069835901260375977e-01,-4.102275148034095764e-02,-4.523244872689247131e-02,-6.954565048217773438e-01,7.159688472747802734e-01,4.766666889190673828e-01,1.628039032220840454e-01,6.528670201078057289e-05,8.656731247901916504e-02,-4.035647809505462646e-01,2.453525736927986145e-02,-1.246533170342445374e-01,2.399999946355819702e-01,-6.495868414640426636e-02,4.499999880790710449e-01,2.064871042966842651e-02,5.355852842330932617e-01,5.000000000000000000e-01,-3.252698779106140137e-01,-5.684869736433029175e-02,9.609906673431396484e-01,-2.436923980712890625e-01,2.273425608873367310e-01,-1.653403788805007935e-01,5.834866315126419067e-02,4.815429821610450745e-02
-6.601601839065551758e-02,-3.825525045394897461e-01,2.991169095039367676e-01,-2.293921075761318207e-02,-7.519946247339248657e-02,-6.683532595634460449e-01,7.396774291992187500e-01,4.814376533031463623e-01,2.333202660083770752e-01,1.398329641233431175e-05,1.357527226209640503e-01,-3.382321000099182129e-01,1.487876579631119967e-05,-1.675670146942138672e-01,2.399999946355819702e-01,-5.635417625308036804e-02,4.499999880790710449e-01,8.627279847860336304e-02,5.208189487457275391e-01,5.000000000000000000e-01,-4.229702949523925781e-01,-1.142735704779624939e-01,9.107998609542846680e-01,-1.525753140449523926e-01,2.149805575609207153e-01,1.264669895172119141e-01,-2.982517331838607788e-02,1.344499111175537109e+00
-6.957142800092697144e-02,-4.066993594169616699e-01,2.999647259712219238e-01,-9.802511893212795258e-03,-1.005421653389930725e-01,-6.543959379196166992e-01,7.493737936019897461e-01,4.815069139003753662e-01,2.830171287059783936e-01,5.653451080434024334e-04,2.095954269170761108e-01,-1.979352533817291260e-01,1.280128117650747299e-02,-2.060460150241851807e-01,2.399999946355819702e-01,-9.903361089527606964e-03,4.499973356723785400e-01,1.276716738939285278e-01,4.969061613082885742e-01,5.000000000000000000e-01,-4.609389603137969971e-01,-1.674406826496124268e-01,8.435918688774108887e-01,-2.473908066749572754e-01,7.074168324470520020e-02,5.549961924552917480e-01,-2.999720908701419830e-02,1.490000009536743164e+00
-7.190944254398345947e-02,-4.244226515293121338e-01,3.036362230777740479e-01,5.073609296232461929e-03,-1.308383941650390625e-01,-6.525986790657043457e-01,7.463045716285705566e-01,4.256177842617034912e-01,3.384101986885070801e-01,1.795129933590544624e-09,2.933342754840850830e-01,-5.049386163591407239e-05,5.324646963345003314e-07,-2.633163928985595703e-01,2.399999946355819702e-01,7.576163858175277710e-02,4.499999880790710449e-01,1.596607416868209839e-01,4.856894314289093018e-01,5.000000000000000000e-01,-5.070547461509704590e-01,-1.800000071525573730e-01,7.811197638511657715e-01,-2.959310114383697510e-01,-1.392444521188735962e-01,1.134065389633178711e+00,-2.999999932944774628e-02,1.183219313621520996e+00
-7.254070788621902466e-02,-4.370482265949249268e-01,3.123118281364440918e-01,4.431506991386413574e-02,-1.276551485061645508e-01,-6.507754325866699219e-01,7.471490502357482910e-01,2.761000394821166992e-01,2.170822769403457642e-01,2.919994108378887177e-02,3.454804718494415283e-01,-3.079380281269550323e-02,2.243563905358314514e-02,-2.928679883480072021e-01,2.399999946355819702e-01,1.529193371534347534e-01,4.392549693584442139e-01,2.167131602764129639e-01,4.330107867717742920e-01,5.000000000000000000e-01,-4.244916141033172607e-01,-1.800000071525573730e-01,6.849170327186584473e-01,-1.015661284327507019e-01,-1.798124462366104126e-01,1.100177884101867676e+00,-2.999999932944774628e-02,2.466170191764831543e-01
-6.585057079792022705e-02,-4.607128798961639404e-01,3.216186761856079102e-01,6.878535449504852295e-02,-1.164345145225524902e-01,-6.360829472541809082e-01,7.596776485443115234e-01,1.494742482900619507e-01,1.100351363420486450e-01,9.023790061473846436e-02,3.965522944927215576e-01,-3.791218856349587440e-03,1.704501360654830933e-02,-2.995979785919189453e-01,2.399999946355819702e-01,1.486433744430541992e-01,4.118907153606414795e-01,2.345382571220397949e-01,4.264615774154663086e-01,5.000000000000000000e-01,-3.795685470104217529e-01,-1.800000071525573730e-01,5.576203465461730957e-01,1.601929962635040283e-01,-1.799196600914001465e-01,8.536511063575744629e-01,-2.999999932944774628e-02,-3.676761407405138016e-03
-5.442039296030998230e-02,-4.910844564437866211e-01,3.268357813358306885e-01,6.802663207054138184e-02,-9.983249008655548096e-02,-6.109737753868103027e-01,7.823789715766906738e-01,6.167374551296234131e-02,3.289440274238586426e-02,7.062470912933349609e-02,4.279610812664031982e-01,7.121179997920989990e-02,1.684967800974845886e-02,-2.618271410465240479e-01,2.399999946355819702e-01,1.206448450684547424e-01,4.263788163661956787e-01,2.297913730144500732e-01,4.203363656997680664e-01,5.000000000000000000e-01,-3.899248838424682617e-01,-1.800000071525573730e-01,4.837557375431060791e-01,2.673104405403137207e-01,-1.799384355545043945e-01,6.378362774848937988e-01,2.430961281061172485e-01,-3.982339054346084595e-03
-4.032943770289421082e-02,-5.215169191360473633e-01,3.249501585960388184e-01,6.729216128587722778e-02,-7.116817682981491089e-02,-5.984240770339965820e-01,7.951700687408447266e-01,-3.331644833087921143e-02,-9.149547666311264038e-02,2.694940194487571716e-04,4.418996572494506836e-01,1.308984011411666870e-01,9.145694784820079803e-03,-2.356448024511337280e-01,2.399999946355819702e-01,1.740284711122512817e-01,4.455503523349761963e-01,2.012904137372970581e-01,3.448119461536407471e-01,5.000000000000000000e-01,-3.551295399665832520e-01,-1.800000071525573730e-01,6.888363957405090332e-01,2.776314318180084229e-01,-1.797213256359100342e-01,6.066040396690368652e-01,1.258273243904113770e+00,-2.999999932944774628e-02
-2.373175323009490967e-02,-5.454480051994323730e-01,3.254514336585998535e-01,7.824722677469253540e-02,-3.882902115583419800e-02,-6.060607433319091797e-01,7.906073927879333496e-01,-1.345131844282150269e-01,-3.081721067428588867e-01,2.571553117288041335e-16,4.420618414878845215e-01,1.116835698485374451e-01,2.601628191769123077e-03,-1.989370137453079224e-01,2.398412823677062988e-01,2.347382754087448120e-01,4.499997496604919434e-01,2.004357576370239258e-01,2.776478528976440430e-01,5.000000000000000000e-01,-3.521117269992828369e-01,-1.800000071525573730e-01,8.166654706001281738e-01,2.574685811996459961e-01,-1.215034201741218567e-01,7.683136463165283203e-01,1.490000009536743164e+00,-2.999999932944774628e-02
