-2.782355993986129761e-03,3.900840878486633301e-03,2.901589274406433105e-01,1.453030556440353394e-01,9.725492447614669800e-02,9.812300205230712891e-01,-8.133973926305770874e-02,0.000000000000000000e+00,0.000000000000000000e+00,1.817445456981658936e-01,2.567074596881866455e-01,1.189286559820175171e-01,-1.189286559820175171e-01,-1.458080261945724487e-01,-5.165054798126220703e-01,1.161102205514907837e-02,-1.161102205514907837e-02,-1.675462275743484497e-01,1.560386121273040771e-01,-1.936142742633819580e-01,9.434485435485839844e-02,4.664336889982223511e-02,1.069368328899145126e-02,1.034572198987007141e-01,2.956020236015319824e-01,-1.799997091293334961e-01,1.856203749775886536e-02,1.281430870294570923e-01,-1.582926064729690552e-01,1.100228130817413330e-01,-3.275353610515594482e-01,2.757775485515594482e-01
-1.857827790081501007e-02,4.926433786749839783e-03,2.903452217578887939e-01,1.546541005373001099e-01,1.245317980647087097e-01,9.773865938186645508e-01,-7.272847741842269897e-02,0.000000000000000000e+00,0.000000000000000000e+00,5.050788819789886475e-02,3.457278013229370117e-01,1.046363785862922668e-01,-1.046363785862922668e-01,-2.957520186901092529e-01,-4.037162959575653076e-01,3.098204918205738068e-02,-3.098204918205738068e-02,-1.785327941179275513e-01,2.660740017890930176e-01,-1.513570398092269897e-01,-7.194843143224716187e-02,6.313017755746841431e-02,2.310662902891635895e-02,2.201026678085327148e-01,2.458110153675079346e-01,-1.800000071525573730e-01,-7.482836395502090454e-02,2.781252264976501465e-01,-2.852367758750915527e-01,7.026939094066619873e-02,-5.172509551048278809e-01,5.462809205055236816e-01
-3.686629980802536011e-02,5.940024740993976593e-03,2.923775613307952881e-01,1.444202810525894165e-01,1.210150420665740967e-01,9.801999330520629883e-01,-6.087878718972206116e-02,0.000000000000000000e+00,0.000000000000000000e+00,2.340069971978664398e-02,3.292272686958312988e-01,1.238348558545112610e-01,-1.238348558545112610e-01,-2.955480813980102539e-01,-3.661182820796966553e-01,6.522340327501296997e-02,-6.522340327501296997e-02,-1.546350717544555664e-01,2.539726793766021729e-01,-1.082498580217361450e-01,-1.242731213569641113e-01,3.958326578140258789e-02,1.461397670209407806e-02,2.460738718509674072e-01,2.363728582859039307e-01,-1.800000071525573730e-01,-4.526229575276374817e-03,3.288532793521881104e-01,-3.141312599182128906e-01,3.696767240762710571e-02,-4.666417539119720459e-01,5.864413380622863770e-01
-5.615819990634918213e-02,4.455785732716321945e-03,2.975098788738250732e-01,1.256658434867858887e-01,9.792862832546234131e-02,9.864146709442138672e-01,-4.005280882120132446e-02,0.000000000000000000e+00,0.000000000000000000e+00,1.800494082272052765e-02,2.340129464864730835e-01,1.952261179685592651e-01,-1.952261179685592651e-01,-2.563410699367523193e-01,-3.384756147861480713e-01,6.004356220364570618e-02,-6.004356220364570618e-02,-9.974796324968338013e-02,2.306194603443145752e-01,-7.699275761842727661e-02,-1.699628084897994995e-01,3.923840820789337158e-02,1.217456627637147903e-02,2.469480782747268677e-01,2.283229827880859375e-01,-1.800000071525573730e-01,7.239432632923126221e-02,3.763014078140258789e-01,-3.251478672027587891e-01,2.863134071230888367e-02,-3.434596955776214600e-01,5.845469236373901367e-01
-7.499989867210388184e-02,2.592295175418257713e-03,3.028863966464996338e-01,1.136889010667800903e-01,7.319872826337814331e-02,9.905721545219421387e-01,-2.198962122201919556e-02,0.000000000000000000e+00,0.000000000000000000e+00,2.395164780318737030e-02,9.981966763734817505e-02,2.952070534229278564e-01,-2.952070534229278564e-01,-2.219528406858444214e-01,-2.850790321826934814e-01,3.512964025139808655e-02,-3.512964025139808655e-02,-5.298998579382896423e-02,2.335014939308166504e-01,-3.313139826059341431e-02,-2.072604149580001831e-01,5.309421569108963013e-02,-4.289451986551284790e-03,2.407584935426712036e-01,2.129995971918106079e-01,-1.800000071525573730e-01,1.276204586029052734e-01,4.458967149257659912e-01,-2.738394737243652344e-01,3.381641581654548645e-02,-2.913953959941864014e-01,3.911503851413726807e-01
-9.520039707422256470e-02,2.728215476963669062e-04,3.075750768184661865e-01,1.095323339104652405e-01,5.632099881768226624e-02,9.923531413078308105e-01,-8.115290664136409760e-03,0.000000000000000000e+00,0.000000000000000000e+00,1.924237236380577087e-02,-2.181637845933437347e-02,3.972935080528259277e-01,-3.972935080528259277e-01,-2.164807617664337158e-01,-2.174578458070755005e-01,2.159108780324459076e-02,-2.159108780324459076e-02,-1.982560008764266968e-02,2.452900260686874390e-01,-2.846006676554679871e-02,-2.089142650365829468e-01,8.035147935152053833e-02,-2.099429722875356674e-03,2.198984175920486450e-01,2.259149849414825439e-01,-1.800000071525573730e-01,1.168703958392143250e-01,5.430028438568115234e-01,-2.157045453786849976e-01,4.639150202274322510e-02,-2.650382518768310547e-01,2.779223918914794922e-01
-1.160334795713424683e-01,-1.469701179303228855e-03,3.100743293762207031e-01,1.053885668516159058e-01,4.649211838841438293e-02,9.933317899703979492e-01,4.867528565227985382e-03,0.000000000000000000e+00,0.000000000000000000e+00,-8.753782138228416443e-03,-1.503343582153320312e-01,4.277281165122985840e-01,-4.277281165122985840e-01,-2.338708490133285522e-01,-1.621298491954803467e-01,2.886505797505378723e-02,-2.886505797505378723e-02,8.563535287976264954e-03,2.503110170364379883e-01,2.048460068181157112e-03,-1.939927637577056885e-01,7.320624589920043945e-02,1.128351036459207535e-02,2.019376605749130249e-01,2.568376064300537109e-01,-1.800000071525573730e-01,-6.628601253032684326e-02,9.202564358711242676e-01,-1.588491499423980713e-01,2.775378711521625519e-02,-2.362449467182159424e-01,1.960061043500900269e-01
-1.361043602228164673e-01,-3.062573960050940514e-03,3.093837499618530273e-01,1.026602536439895630e-01,3.547163680195808411e-02,9.939635992050170898e-01,1.546086650341749191e-02,0.000000000000000000e+00,0.000000000000000000e+00,-1.472379174083471298e-02,-2.737910151481628418e-01,3.673502802848815918e-01,-3.673502802848815918e-01,-2.475258558988571167e-01,-1.095325648784637451e-01,5.210553482174873352e-02,-5.210553482174873352e-02,3.074696473777294159e-02,2.511064410209655762e-01,3.777482360601425171e-02,-1.563564240932464600e-01,4.898709431290626526e-02,1.608533225953578949e-02,1.878634542226791382e-01,2.478561103343963623e-01,-1.800000071525573730e-01,-3.640064895153045654e-01,1.489999055862426758e+00,-9.024818986654281616e-02,1.637821458280086517e-02,-2.077179253101348877e-01,1.282978802919387817e-01
-1.557723283767700195e-01,-6.471846718341112137e-03,3.052592575550079346e-01,9.778679162263870239e-02,2.447306923568248749e-02,9.944257140159606934e-01,3.092458285391330719e-02,0.000000000000000000e+00,0.000000000000000000e+00,-1.421859487891197205e-02,-4.011512398719787598e-01,2.510880231857299805e-01,-2.510880231857299805e-01,-2.426754385232925415e-01,-8.388292789459228516e-02,1.045026555657386780e-01,-1.045026555657386780e-01,2.826530672609806061e-02,1.445805132389068604e-01,7.508949935436248779e-02,-4.193507879972457886e-02,4.777223244309425354e-02,-3.904667915776371956e-03,1.920909434556961060e-01,2.007284909486770630e-01,-1.800000071525573730e-01,-2.652706503868103027e-01,1.490000009536743164e+00,7.121683657169342041e-02,5.470498278737068176e-02,-1.402246057987213135e-01,5.367305502295494080e-02
-1.699256598949432373e-01,-1.014373078942298889e-02,3.029123246669769287e-01,1.116640344262123108e-01,-9.351117769256234169e-04,9.927082657814025879e-01,4.539407044649124146e-02,0.000000000000000000e+00,0.000000000000000000e+00,3.436126187443733215e-02,-4.580669105052947998e-01,4.081474244594573975e-02,-4.081474244594573975e-02,-2.336485981941223145e-01,-1.814482547342777252e-02,1.380382776260375977e-01,-1.380382776260375977e-01,5.227798596024513245e-02,1.359666883945465088e-01,1.330639123916625977e-01,-3.992643672972917557e-03,4.750194028019905090e-02,-4.678192734718322754e-02,2.120134085416793823e-01,1.418887376785278320e-01,-1.800000071525573730e-01,-5.959506034851074219e-01,1.490000009536743164e+00,1.395710259675979614e-01,8.055929094552993774e-02,-7.708437740802764893e-02,2.416509576141834259e-02
-1.805641949176788330e-01,-1.474088057875633240e-02,3.021850883960723877e-01,1.381760388612747192e-01,-2.114761807024478912e-02,9.893109202384948730e-01,4.152246937155723572e-02,0.000000000000000000e+00,0.000000000000000000e+00,4.862308502197265625e-02,-5.091016292572021484e-01,5.096785607747733593e-04,-5.096785607747733593e-04,-2.765066027641296387e-01,8.466405421495437622e-02,1.181612387299537659e-01,-1.181612387299537659e-01,5.534331500530242920e-02,2.665918171405792236e-01,1.328601241111755371e-01,-1.295153945684432983e-01,4.829351603984832764e-02,-8.564269542694091797e-02,2.495791912078857422e-01,-1.381376851350069046e-02,-1.800000071525573730e-01,-1.016832232475280762e+00,1.365830779075622559e+00,5.844667926430702209e-02,8.101235330104827881e-02,-5.523048341274261475e-02,6.718046963214874268e-02
-1.977758407592773438e-01,-1.979855075478553772e-02,2.974738776683807373e-01,1.431426852941513062e-01,-4.577555879950523376e-02,9.874138832092285156e-01,4.928073659539222717e-02,0.000000000000000000e+00,0.000000000000000000e+00,9.823517501354217529e-02,-5.097697973251342773e-01,3.890803782269358635e-04,-3.890803782269358635e-04,-2.709910571575164795e-01,1.247611865401268005e-01,1.803713738918304443e-01,-1.803713738918304443e-01,8.422839641571044922e-02,2.732276916503906250e-01,1.221930608153343201e-01,-1.088486611843109131e-01,9.034819155931472778e-02,-1.064835935831069946e-01,2.312660515308380127e-01,-6.763088703155517578e-02,-1.800000071525573730e-01,-8.855299949645996094e-01,7.031023502349853516e-01,1.004783585667610168e-01,1.030927747488021851e-01,5.277929361909627914e-03,3.693020343780517578e-02
-2.189505398273468018e-01,-2.380260638892650604e-02,2.946996688842773438e-01,1.430035978555679321e-01,-5.055752024054527283e-02,9.872185587882995605e-01,4.892235621809959412e-02,0.000000000000000000e+00,0.000000000000000000e+00,1.004122793674468994e-01,-3.672329485416412354e-01,2.588154049590229988e-03,-2.588154049590229988e-03,-2.940766513347625732e-01,1.829426139593124390e-01,1.985765248537063599e-01,-1.985765248537063599e-01,1.142002940177917480e-01,2.641269266605377197e-01,6.211157143115997314e-02,-1.586210876703262329e-01,1.257272362709045410e-01,-9.336563199758529663e-02,2.586176991462707520e-01,-1.594735831022262573e-01,-1.800000071525573730e-01,-7.289695739746093750e-01,5.860062837600708008e-01,1.263057738542556763e-01,8.585632592439651489e-02,7.362338155508041382e-02,5.702086538076400757e-02
-2.396700978279113770e-01,-2.568641677498817444e-02,2.958561480045318604e-01,1.303744465112686157e-01,-5.806443840265274048e-02,9.890515208244323730e-01,3.752456977963447571e-02,0.000000000000000000e+00,0.000000000000000000e+00,1.148428991436958313e-01,-2.999941706657409668e-01,3.395552746951580048e-03,-3.395552746951580048e-03,-2.596916556358337402e-01,1.894602626562118530e-01,2.291909307241439819e-01,-2.291909307241439819e-01,1.027486398816108704e-01,2.374723702669143677e-01,3.524856641888618469e-02,-1.976833641529083252e-01,1.526891142129898071e-01,-9.765850752592086792e-02,2.576856315135955811e-01,-2.113580107688903809e-01,-1.327136754989624023e-01,-6.321233510971069336e-01,5.949651598930358887e-01,1.409316360950469971e-01,1.051153540611267090e-01,1.560785025358200073e-01,7.358212769031524658e-02
-2.609115540981292725e-01,-2.521969377994537354e-02,3.003254532814025879e-01,1.073358431458473206e-01,-3.966410830616950989e-02,9.932941198348999023e-01,1.651077531278133392e-02,0.000000000000000000e+00,0.000000000000000000e+00,7.879434525966644287e-02,-2.824864089488983154e-01,3.495073178783059120e-03,-3.495073178783059120e-03,-2.551012635231018066e-01,1.211688518524169922e-01,2.874203026294708252e-01,-2.874203026294708252e-01,4.601703211665153503e-02,2.003995031118392944e-01,-7.131276186555624008e-03,-2.364397495985031128e-01,1.621947586536407471e-01,-9.394915401935577393e-02,2.324193418025970459e-01,-2.180244475603103638e-01,-7.345461100339889526e-02,-5.182936787605285645e-01,5.818014740943908691e-01,1.373961120843887329e-01,1.165975406765937805e-01,2.463178783655166626e-01,1.061166524887084961e-01
-2.815539240837097168e-01,-2.356481552124023438e-02,3.051685988903045654e-01,8.836424350738525391e-02,-1.861558668315410614e-02,9.959015250205993652e-01,-5.039850715547800064e-03,0.000000000000000000e+00,0.000000000000000000e+00,5.218216031789779663e-02,-2.645211815834045410e-01,3.429622156545519829e-03,-3.429622156545519829e-03,-2.336956113576889038e-01,1.341211423277854919e-02,3.811045885086059570e-01,-3.811045885086059570e-01,2.849724143743515015e-02,1.836940944194793701e-01,-8.271046727895736694e-02,-2.543331384658813477e-01,1.521511077880859375e-01,-6.329660117626190186e-02,1.858242899179458618e-01,-1.543243378400802612e-01,-8.918454498052597046e-02,-4.775065481662750244e-01,4.107438921928405762e-01,1.237252578139305115e-01,8.244583755731582642e-02,3.133260309696197510e-01,1.687190681695938110e-01
-3.029903471469879150e-01,-2.126953750848770142e-02,3.087575435638427734e-01,7.787987589836120605e-02,-5.210754461586475372e-03,9.967213273048400879e-01,-2.131101489067077637e-02,0.000000000000000000e+00,0.000000000000000000e+00,5.555998533964157104e-02,-2.265685945749282837e-01,3.782212268561124802e-03,-3.782212268561124802e-03,-2.023585587739944458e-01,-9.034433960914611816e-02,4.967636168003082275e-01,-4.967636168003082275e-01,3.503202274441719055e-02,1.733826100826263428e-01,-1.288986355066299438e-01,-2.383669167757034302e-01,1.294553577899932861e-01,-2.802027203142642975e-02,1.477385014295578003e-01,-5.745798721909523010e-02,-1.311161220073699951e-01,-4.936583340167999268e-01,3.195756077766418457e-01,1.317575573921203613e-01,3.987579047679901123e-02,3.226286768913269043e-01,2.889134883880615234e-01
-3.242786228656768799e-01,-1.967227086424827576e-02,3.100290000438690186e-01,7.581683993339538574e-02,9.401843883097171783e-03,9.965434074401855469e-01,-3.262913972139358521e-02,0.000000000000000000e+00,0.000000000000000000e+00,6.223444640636444092e-02,-1.655401587486267090e-01,4.153818823397159576e-03,-4.153818823397159576e-03,-2.004768401384353638e-01,-1.917096227407455444e-01,5.912055969238281250e-01,-5.912055969238281250e-01,3.959045931696891785e-02,1.716639995574951172e-01,-1.825187802314758301e-01,-2.045425027608871460e-01,1.250487416982650757e-01,5.345806013792753220e-03,1.345777511596679688e-01,2.896511554718017578e-02,-1.635759621858596802e-01,-4.996531307697296143e-01,2.634092867374420166e-01,1.119812279939651489e-01,-7.170648779720067978e-03,2.488603591918945312e-01,6.852403283119201660e-01
-3.429230749607086182e-01,-1.886271871626377106e-02,3.083629608154296875e-01,8.140420913696289062e-02,2.970875799655914307e-02,9.952887892723083496e-01,-4.348491877317428589e-02,0.000000000000000000e+00,0.000000000000000000e+00,5.820667371153831482e-02,-8.899546414613723755e-02,5.226469133049249649e-03,-5.226469133049249649e-03,-2.281759828329086304e-01,-2.883770465850830078e-01,6.044903397560119629e-01,-6.044903397560119629e-01,2.804196067154407501e-02,1.830547600984573364e-01,-2.511032521724700928e-01,-1.720413565635681152e-01,1.521549969911575317e-01,5.231779813766479492e-02,1.347731798887252808e-01,9.772977232933044434e-02,-1.799999773502349854e-01,-4.905201196670532227e-01,2.292608320713043213e-01,7.902307435870170593e-03,-4.656196758151054382e-02,8.986191451549530029e-02,1.370154857635498047e+00
-3.611347377300262451e-01,-1.712414808571338654e-02,3.071375787258148193e-01,9.541886299848556519e-02,5.051372200250625610e-02,9.927765130996704102e-01,-5.232940986752510071e-02,0.000000000000000000e+00,0.000000000000000000e+00,5.733062326908111572e-02,2.500634407624602318e-03,6.757441442459821701e-03,-6.757441442459821701e-03,-2.418078035116195679e-01,-3.741769790649414062e-01,5.327745079994201660e-01,-5.327745079994201660e-01,-6.684176158159971237e-03,2.062956839799880981e-01,-2.884980440139770508e-01,-1.466785818338394165e-01,1.788803189992904663e-01,6.910972297191619873e-02,1.443238556385040283e-01,1.544808596372604370e-01,-1.800000071525573730e-01,-4.639306664466857910e-01,2.118783742189407349e-01,-3.477872535586357117e-02,-1.483516767621040344e-02,-3.849117830395698547e-02,1.490000009536743164e+00
-3.738620281219482422e-01,-1.562818884849548340e-02,3.052184879779815674e-01,1.194076389074325562e-01,6.933620572090148926e-02,9.883113503456115723e-01,-6.461385637521743774e-02,0.000000000000000000e+00,0.000000000000000000e+00,6.365653127431869507e-02,8.683183789253234863e-02,4.048758000135421753e-02,-4.048758000135421753e-02,-2.334020882844924927e-01,-4.336879551410675049e-01,3.813728690147399902e-01,-3.813728690147399902e-01,-5.083670467138290405e-02,2.314132153987884521e-01,-3.126507699489593506e-01,-1.203815042972564697e-01,1.916871219873428345e-01,8.369745314121246338e-02,1.568459570407867432e-01,2.008630335330963135e-01,-1.800000071525573730e-01,-4.169762134552001953e-01,2.155449986457824707e-01,-1.124415695667266846e-01,5.106090009212493896e-02,-3.406605124473571777e-01,1.489868044853210449e+00
-3.850349783897399902e-01,-1.351893227547407150e-02,3.018228113651275635e-01,1.419329792261123657e-01,8.760606497526168823e-02,9.833694100379943848e-01,-7.186621427536010742e-02,0.000000000000000000e+00,0.000000000000000000e+00,8.031576126813888550e-02,1.654586642980575562e-01,7.404155284166336060e-02,-7.404155284166336060e-02,-2.175505757331848145e-01,-4.562833905220031738e-01,1.491326838731765747e-01,-1.491326838731765747e-01,-9.410569816827774048e-02,2.639828622341156006e-01,-2.907130718231201172e-01,-1.195948123931884766e-01,1.779281497001647949e-01,6.695950031280517578e-02,1.701524555683135986e-01,2.190472930669784546e-01,-1.800000071525573730e-01,-3.673312067985534668e-01,2.339388132095336914e-01,-1.698217988014221191e-01,9.315297007560729980e-02,-6.326459050178527832e-01,1.260543107986450195e+00
-3.990426659584045410e-01,-1.039598323404788971e-02,2.971403002738952637e-01,1.550313681364059448e-01,1.098291203379631042e-01,9.786571860313415527e-01,-7.831323891878128052e-02,0.000000000000000000e+00,0.000000000000000000e+00,8.150155097246170044e-02,2.284043431282043457e-01,1.069905757904052734e-01,-1.069905757904052734e-01,-2.148549407720565796e-01,-4.966519176959991455e-01,2.738486742600798607e-03,-2.738486742600798607e-03,-1.406270265579223633e-01,2.828738391399383545e-01,-2.450193762779235840e-01,-1.124734506011009216e-01,1.365524828433990479e-01,3.143841773271560669e-02,1.600245237350463867e-01,2.418652623891830444e-01,-1.800000071525573730e-01,-3.146032989025115967e-01,2.482232153415679932e-01,-1.677493900060653687e-01,7.524851709604263306e-02,-7.201841473579406738e-01,7.989242076873779297e-01
-4.170362651348114014e-01,-7.712425664067268372e-03,2.914049625396728516e-01,1.631388217210769653e-01,1.354241967201232910e-01,9.737126827239990234e-01,-8.324465900659561157e-02,0.000000000000000000e+00,0.000000000000000000e+00,7.432042062282562256e-02,3.015361428260803223e-01,1.282300800085067749e-01,-1.282300800085067749e-01,-2.420551478862762451e-01,-5.312716960906982422e-01,2.926761750131845474e-03,-2.926761750131845474e-03,-1.884441077709197998e-01,2.842564284801483154e-01,-2.157665342092514038e-01,-1.140992119908332825e-01,9.095355868339538574e-02,-2.365713473409414291e-03,1.562461107969284058e-01,2.731373310089111328e-01,-1.800000071525573730e-01,-2.443292886018753052e-01,2.588356733322143555e-01,-1.987697482109069824e-01,4.681984335184097290e-02,-6.520781517028808594e-01,6.177041530609130859e-01
